student_name,maths_marks,science_marks,english_marks,social_studies_marks,language_marks,,,,,,,,,,,,,,,,,,,,,,,,,,,,,,,,,,,,,,,,,,,,,,,,,,,,,,,,,,,,,,,,,,,,,,,,,,,,,,,,,,,,,,,,,,,,,,,,,,,,,,,,,,,,,,,,
Mr. Gregory Homenick,69,24,52,4,83,,,,,,,,,,,,student_name,Mr. Gregory Homenick,Marlene Leffler IV,Josephine Ebert,Dr. Irene Green,Jake Huel,Ralph Schuster,Lila Schmidt,Ms. Naomi Rau,Maryann Marquardt,Edna Von,Dr. Deborah Harvey,Mrs. Angie Schowalter,Shirley Zulauf,Miss Madeline Parisian,Armando Pollich PhD,Marvin Lehner MD,Ira Oberbrunner,Eula Ankunding-Feeney,Conrad Greenholt II,Julie Dicki,Mr. Javier Reinger,Edith Gorczany,Amanda Upton,Jonathon Ruecker,Leon Purdy,Monique Zboncak,Crystal Legros,Alicia Farrell,Mr. Dennis Ledner,Tracy D'Amore,Lindsay Goodwin,Adam Shields,Delbert Torp,Tammy Runolfsdottir,Lonnie Schimmel,Rolando Crona,Rachael Lowe,Erica Connelly,John Schultz,Lowell Bartell,Marc Hermiston,Raquel Kuhlman,Rudy Auer,Cora Gutmann,Reginald McCullough,Doyle Thompson,Katrina Ebert-Romaguera Jr.,Harry Predovic,Mr. Neil Wunsch,Tricia Schneider III,Mr. Rudolph Turner,Alan Lebsack,Donnie Gerlach,Mr. Roy Ernser III,Christopher Cronin,Silvia Dietrich,Gail Blick,Mrs. Naomi Ernser,Hubert Swaniawski,Andre McLaughlin,Mr. Patrick Crona,Bob Beier,Mrs. Claire Bauch,Meghan Jast,Craig Beatty,Phyllis Reilly Jr.,Carole Lubowitz,Andres Lemke,Jeremy Davis,Perry Kerluke,Drew Ferry,Kendra Marks,Yvonne Kuhlman,Traci Miller,Mr. Grady Kertzmann,Gerardo Kihn,Mr. Gregg Gusikowski,Charles Stiedemann,Hilda Treutel,Juanita Howell,Jessie Mohr,Jeremy Metz,Gilberto Gibson,Eileen Ondricka,Mr. Albert Hoeger,Mr. Marcus Heathcote Sr.,Matthew MacGyver,Marcella Funk,Tommy Mante,Cristina Conn,Amber Windler,Leticia Senger III,Mr. Patrick Mueller,Cedric Bergstrom Jr.,Elizabeth Ward,Renee Schinner,Marguerite Ebert,Jorge Bednar,Mrs. Roxanne Jacobi,Dean Schowalter
Marlene Leffler IV,62,59,70,54,52,,,,,,,,,,,,maths_marks,69,62,29,44,49,69,91,65,28,11,59,88,2,30,91,63,38,12,5,22,7,60,16,99,10,88,66,41,8,67,24,83,18,9,64,7,7,55,97,94,99,41,72,32,13,100,14,78,78,10,71,34,52,62,36,13,9,58,2,28,65,4,51,79,61,70,54,97,62,48,18,31,47,38,70,53,75,36,55,10,53,9,29,2,43,28,94,85,80,67,88,81,81,49,73,69,32,77,54,28
Josephine Ebert,29,76,13,8,19,,,,,,,,,,,,science_marks,24,59,76,66,23,28,10,70,31,51,23,23,60,86,64,20,62,99,20,69,54,48,77,30,45,48,53,46,60,56,76,88,87,59,62,72,98,69,11,67,94,88,71,94,88,40,38,95,83,48,18,87,7,48,28,45,79,61,9,94,34,40,26,48,18,41,95,78,10,67,4,89,11,58,29,9,72,89,64,52,43,69,68,4,73,41,59,98,67,42,50,90,81,74,91,99,62,56,66,49
Dr. Irene Green,44,66,14,2,14,,,,,,,,,,,,english_marks,52,70,13,14,63,55,19,83,27,86,43,84,94,92,38,17,97,50,22,79,70,94,42,1,36,22,42,89,65,28,41,70,60,43,71,7,41,2,52,63,38,25,4,68,17,10,46,92,91,90,78,29,34,42,59,74,13,76,43,74,47,20,66,32,33,21,79,64,62,89,6,31,49,34,79,24,93,22,47,76,94,33,87,55,82,37,91,65,81,32,49,66,5,36,72,73,82,46,70,78
Jake Huel,49,23,63,86,68,,,,,,,,,,,,social_studies_marks,4,54,8,2,86,37,55,3,75,77,47,52,53,89,70,79,92,14,21,79,10,71,47,21,93,63,38,32,5,82,48,6,95,73,48,51,27,63,94,87,12,57,74,71,6,90,71,7,77,67,32,84,87,10,40,11,73,38,24,83,83,26,32,3,49,44,97,64,60,60,93,55,43,100,23,36,43,96,34,30,3,6,20,74,27,34,74,86,32,63,77,15,45,57,33,62,99,79,49,80
Ralph Schuster,69,28,55,37,77,,,,,,,,,,,,language_marks,83,52,19,14,68,77,38,25,37,11,73,28,78,70,35,39,34,48,54,67,52,98,75,63,59,91,5,80,30,23,39,58,52,65,41,21,25,79,24,87,3,38,31,61,59,12,3,68,34,22,59,96,39,55,47,16,83,64,70,40,31,70,8,58,7,44,43,82,33,65,56,27,27,54,78,31,31,25,47,53,21,82,31,39,31,54,78,16,25,65,24,21,36,66,44,32,42,25,20,79
Lila Schmidt,91,10,19,55,38,,,VLOOKUP,,,,,,,,,,,,,,,,,,,,,,,,,,,,,,,,,,,,,,,,,,,,,,,,,,,,,,,,,,,,,,,,,,,,,,,,,,,,,,,,,,,,,,,,,,,,,,,,,,,,,,,,,,,,,
Ms. Naomi Rau,65,70,83,3,25,,,MARLENE,52,,19,,,,,,,,,,,,,,,,,,,,,,,,,,,,,,,,,,,,,,,,,,,,IMAGES IN EXCEL,,,,,,,,,,,,,,,,,,,,,,,,,,,,,,,,,,,,,,,,,,,,,,,,,,,,,,,,,,,,,,
Maryann Marquardt,28,31,27,75,37,,,RALPH,77,,,,,,,,,,,,,,,,,,,,,,,,,,,,,,,,,,,,,,,,,,,,,,,,,,,,,,,,,,,,,,,,,,,,,,,,,,,,,,,,,,,,,,,,,,,,,,,,,,,,,,,,,,,,
Edna Von,11,51,86,77,11,,,,,,,,,,,,,,,,,,,,,,,,,,,,,LOGICAL AND ERROR FUNCTIONS,,,,,,,,,,,,,,,,,,,,COMPANY,USERS,LOGO,ITEMS,SALES,,,,,,,,,,,,,,,,,,,,,,,,,,,,,,,,,,,,,,,,,,,,,,,,,,,,,,,,,,,
Dr. Deborah Harvey,59,23,43,47,73,,,,,,,,,,,,,,,,,,,,,,,,,,,,,,,,,,,,,,,,,,,,,,,,,YOUTUBE,3,,4,4000000,,,,,,,,,,,,,,,,,,,,,,,,,,,,,,,,,,,,,,,,,,,,,,,,,,,,,,,,,,,
Mrs. Angie Schowalter,88,23,84,52,28,,,HLOOKUP,,,,,,,,,,,,,,,,,,,,,,,,,,,,,,,,,,,,,,,,,,,,,,NETFLIX,4,,5,2300000,,,,,,,,,,,,,,,,,,,,,,,,,,,,,,,,,,,,,,,,,,,,,,,,,,,,,,,,,,,
Shirley Zulauf,2,60,94,53,78,,,GREGOGE,83,,52,,,,,,,,,,,,,,,,,,Product ,ITEMS,PRICE,,IF,IF ELSE,,AND,OR,NOT,ANALY AND,ANALY OR,COMPLEX IF,IF ERROR,IS ERROR,IS NUMBER,IS BLANK,,IF,,,,,,,GOOGLE,3,,4,340000,,,,,,,,,,,,,,,,,,,,,,,,,,,,,,,,,,,,,,,,,,,,,,,,,,,,,,,,,,,
Miss Madeline Parisian,30,86,92,89,70,,,MARVIN,39,,,,,,,,,,,,,,,,,,,,A ,2,100,,FOUND,TRUE,,TRUE,TRUE,FALSE,NOT FOUND,FOUND,UNDER 300,#N/A,TRUE,FALSE,FALSE,,FOUND,,0,,,,,AMAZON,1,,3,1200000,,,,,,,,,,,,,,,,,,,,,,,,,,,,,,,,,,,,,,,,,,,,,,,,,,,,,,,,,,,
Armando Pollich PhD,91,64,38,70,35,,,,,,,,,XLOOKUP,,,,,,,,,,,,,,,B,3,200,,FOUND,TRUE,,TRUE,TRUE,TRUE,FOUND,FOUND,UNDER 300,NOT DIVISIBLE,FALSE,TRUE,FALSE,,FOUND,,0,,,,,,,,,,,,,,,,,,,,,,,,,,,,,,,,,,,,,,,,,,,,,,,,,,,,,,,,,,,,,,,,,,,,
Marvin Lehner MD,63,20,17,79,39,,,,,,,,JOSEPHINE,29,49,,,,,,,,,,,,,,C,2,300,,FOUND,TRUE,,TRUE,TRUE,FALSE,FOUND,FOUND,UNDER 300,#N/A,,,,,FOUND,,0,,,,,,,,,,,,,,,,,,,,,,,,,,,,,,,,,,,,,,,,,,,,,,,,,,,,,,,,,,,,,,,,,,,,
Ira Oberbrunner,38,62,97,92,34,,,,,,,,,,,,,,,,,,,,,,,,D,4,400,,NOT FOUND,NOT TRUE,,TRUE,TRUE,TRUE,FOUND,FOUND,UNDER 300,#N/A,,,,,NOT FOUND,,1,,,,,,,,,,,,,,,,,,,,,,,,,,,,,,,,,,,,,,,,,,,,,,,,,,,,,,,,,,,,,,,,,,,,
Eula Ankunding-Feeney,12,99,50,14,48,,,MATCH,,10,,,,,,,,,,,,,,,,,,,E,5,500,,NOT FOUND,NOT TRUE,,FALSE,TRUE,TRUE,FOUND,FOUND,UNDER 300,#N/A,,,,,NOT FOUND,,1,,,,,,,,,,,,,,,,,,,,,,,,,,,,,,,,,,,,,,,,,,,,,,,,,,,,,,,,,,,,,,,,,,,,
Conrad Greenholt II,5,20,22,21,54,,,edna,10,,,,,,,,,,,,,,,,,,,,F,0,600,,FOUND,TRUE,,FALSE,TRUE,FALSE,FOUND,FOUND,UNDER 300,#N/A,,,,,FOUND,,0,,,,,,,,,,,,,,,,,,,,,,,,,,,,,,,,,,,,,,,,,,,,,,,,,,,,,,,,,,,,,,,,,,,,
Julie Dicki,22,69,79,79,67,,,marvin,16,,,,SHIRLEY,2,60,94,53,78,,,,,,,,,,,,,,,,,,,,,,,,,,,,,,,,,,,,,,,,,,,,,,,,,,,,,,,,,,,,,,,,,,,,,,,,,,,,,,,,,,,,,,,,,,,,,,,,,,,
Mr. Javier Reinger,7,54,70,10,52,,,,,,,,,,,,,,,,,,,,,,,,,,COUNT,,STATISTICAL FUNCTIONS,,,,,,,,,,,,,,,,,,,,,,,,,,,,,,,,,,,,,,,,,,,,,,,,,,,,,,,,,,,,,,,,,,,,,,,,,,,,,,,,,,,,
Edith Gorczany,60,48,94,71,98,,,,,,,,,,,,,,,,,,,,,,,,,,6,,,,,,,,,,,F,TRUE,,,,,,,,,,,,,,,,,,,,,,,,,,,,,,,,,,,,,,,,,,,,,,,,,,,,,,,,,,,,,,,,,,,,,,,,,,
Amanda Upton,16,77,42,47,75,,,index,,Mr. Javier Reinger,,,,11,,,,,,,,,,,,,,,,,,,,,,,,,,,,,,,,,,,,,,,,,,,,,,,,,,,,,,,,,,,,,,,,,,,,,,,,,,,,,,,,,,,,,,,,,,,,,,,,,,,,,,,
Jonathon Ruecker,99,30,1,21,63,,,julie,Mr. Javier Reinger,,,,,,,,,,,,,,,,,,,,,,COUNTA,,,MEAN,,STDEV,,VAR P,,CORREL,,,,,#NAME?,,,,,,,,,,,,,,,,,,,,,,,,,,,,,,,,,,,,,,,,,,,,,,,,,,,,,,,,,,,,,,,,,,,,,,,,
Leon Purdy,10,45,36,93,59,,,,,,,,,,,,,,,,,,,,,,,,,,7,,,350,,170.7825128,,437.04,,0.831289432,,,,,,,,,,,,,,,,,,,,,,,,,,,,,,,,,,,,,,,,,,,,,,,,,,,,,,,,,,,,,,,,,,,,,,,,,,,,,
Monique Zboncak,88,48,22,63,91,,,,,,,,,,,,,,,,,,,,,,,,,,,,,MODE,,STDEV S,,VAR S,,,,,FALSE,,,,,,,,,,,,,,,,,,,,,,,,,,,,,,,,,,,,,,,,,,,,,,,,,,,,,,,,,,,,,,,,,,,,,,,,,,
Crystal Legros,66,53,42,38,5,,,,,,,,,,,,,,,,,,,,,,,,,,COUNTBLANK,,,0,,187.0828693,,546.3,,,,,,,,,,,,,,,,,,,,,,,,,,,,,,,,,,,,,,,,,,,,,,,,,,,,,,,,,,,,,,,,,,,,,,,,,,,,,,,
Alicia Farrell,41,46,89,32,80,,,,,,,,,,,,,,,,,,,,,,,,,,4,,,MEDIAN,,,,,,,,,,,,,,,,,,,,,,,,,,,,,,,,,,,,,,,,,,,,,,,,,,,,,,,,,,,,,,,,,,,,,,,,,,,,,,,,,,,
Mr. Dennis Ledner,8,60,65,5,30,,,,,,,,,,,,,,,,,,,,,,,,,,COUNTIF,,,2.5,,,,,,,,,,,,,,,,,,,,,,,,,,,,,,,,,,,,,,,,,,,,,,,,,,,,,,,,,,,,,,,,,,,,,,,,,,,,,,,,,,,
Tracy D'Amore,67,56,28,82,23,,,,,,,,,,,,,,,,,,,,,,,,,,1,,,,,,,,,,,,,,,,,,,,,,,,,,,,,,,,,,,,,,,,,,,,,,,,,,,,,,,,,,,,,,,,,,,,,,,,,,,,,,,,,,,,,,
Lindsay Goodwin,24,76,41,48,39,,,,,,,,,,,,,,,,,,,,,,,,,,COUNTIFS,,,,,,,,,,,,,,,,,,,,,,,,,,,,,,,,,,,,,,,,,,,,,,,,,,,,,,,,,,,,,,,,,,,,,,,,,,,,,,,,,,,,,,
Adam Shields,83,88,70,6,58,,,,,,,,,,,,,,,,,,,,,,,,,,4,,,,,,,,,,,,,,,,,,,,,,,,,,,,,,,,,,,,,,,,,,,,,,,,,,,,,,,,,,,,,,,,,,,,,,,,,,,,,,,,,,,,,,
Delbert Torp,18,87,60,95,52,,,,,,,,,,,,,,,,,,,,,,,,,,,,,,,,,,,,,,,,,,,,,,,,,,,,,,,,,,,,,,,,,,,,,,,,,,,,,,,,,,,,,,,,,,,,,,,,,,,,,,,,,,,,,,,,
Tammy Runolfsdottir,9,59,43,73,65,,,,,,,,,,,,,,,,,,,,,,,,,,,,,,,,,,,,,,,,,,,,,,,,,,,,,,,,,,,,,,,,,,,,,,,,,,,,,,,,,,,,,,,,,,,,,,,,,,,,,,,,,,,,,,,,
Lonnie Schimmel,64,62,71,48,41,,,,,,,,,,,,,,,,,,,,,,,,,,,,,,,,,,,,,,,,,,,,,,,,,,,,,,,,,,,,,,,,,,,,,,,,,,,,,,,,,,,,,,,,,,,,,,,,,,,,,,,,,,,,,,,,
Rolando Crona,7,72,7,51,21,,,,,,,,,,,,,,,,,,,,,,,,,,,,,,,,,,,,,,,,,,,,,,,,,,,,,,,,,,,,,,,,,,,,,,,,,,,,,,,,,,,,,,,,,,,,,,,,,,,,,,,,,,,,,,,,
Rachael Lowe,7,98,41,27,25,,,,,,,,,,,,,,,,,,,,,,,,,,,,,,,,,,,,,,,,,,,,,,,,,,,,,,,,,,,,,,,,,,,,,,,,,,,,,,,,,,,,,,,,,,,,,,,,,,,,,,,,,,,,,,,,
Erica Connelly,55,69,2,63,79,,,,,,,,,,,,,,,,,,,,,,,,,,,,,,,,,,,,,,,,,,,,,,,,,,,,,,,,,,,,,,,,,,,,,,,,,,,,,,,,,,,,,,,,,,,,,,,,,,,,,,,,,,,,,,,,
John Schultz,97,11,52,94,24,,,,,,,,,,,,,,,,,,,,,,,,,,,,,,,,,,,,,,,,,,,,,,,,,,,,,,,,,,,,,,,,,,,,,,,,,,,,,,,,,,,,,,,,,,,,,,,,,,,,,,,,,,,,,,,,
Lowell Bartell,94,67,63,87,87,,,,,,,,,,,,,,,,,,,,,,,,,,,,,,,,,,,,,,,,,,,,,,,,,,,,,,,,,,,,,,,,,,,,,,,,,,,,,,,,,,,,,,,,,,,,,,,,,,,,,,,,,,,,,,,,
Marc Hermiston,99,94,38,12,3,,,,,,,,,,,,,,,,,,,,,,,,,,,,,,,,,,,,,,,,,,,,,,,,,,,,,,,,,,,,,,,,,,,,,,,,,,,,,,,,,,,,,,,,,,,,,,,,,,,,,,,,,,,,,,,,
Raquel Kuhlman,41,88,25,57,38,,,,,,,,,,,,,,,,,,,,,,,,,,,,,,,,,,,,,,,,,,,,,,,,,,,,,,,,,,,,,,,,,,,,,,,,,,,,,,,,,,,,,,,,,,,,,,,,,,,,,,,,,,,,,,,,
Rudy Auer,72,71,4,74,31,,,,,,,,,,,,,,,,,,,,,,,,,,,,,,,,,,,,,,,,,,,,,,,,,,,,,,,,,,,,,,,,,,,,,,,,,,,,,,,,,,,,,,,,,,,,,,,,,,,,,,,,,,,,,,,,
Cora Gutmann,32,94,68,71,61,,,,,,,,,,,,,,,,,,,,,,,,,,,,,,,,,,,,,,,,,,,,,,,,,,,,,,,,,,,,,,,,,,,,,,,,,,,,,,,,,,,,,,,,,,,,,,,,,,,,,,,,,,,,,,,,
Reginald McCullough,13,88,17,6,59,,,,,,,,,,,,,,,,,,,,,,,,,,,,,,,,,,,,,,,,,,,,,,,,,,,,,,,,,,,,,,,,,,,,,,,,,,,,,,,,,,,,,,,,,,,,,,,,,,,,,,,,,,,,,,,,
Doyle Thompson,100,40,10,90,12,,,,,,,,,,,,,,,,,,,,,,,,,,,,,,,,,,,,,,,,,,,,,,,,,,,,,,,,,,,,,,,,,,,,,,,,,,,,,,,,,,,,,,,,,,,,,,,,,,,,,,,,,,,,,,,,
Katrina Ebert-Romaguera Jr.,14,38,46,71,3,,,,,,,,,,,,,,,,,,,,,,,,,,,,,,,,,,,,,,,,,,,,,,,,,,,,,,,,,,,,,,,,,,,,,,,,,,,,,,,,,,,,,,,,,,,,,,,,,,,,,,,,,,,,,,,,
Harry Predovic,78,95,92,7,68,,,,,,,,,,,,,,,,,,,,,,,,,,,,,,,,,,,,,,,,,,,,,,,,,,,,,,,,,,,,,,,,,,,,,,,,,,,,,,,,,,,,,,,,,,,,,,,,,,,,,,,,,,,,,,,,
Mr. Neil Wunsch,78,83,91,77,34,,,,,,,,,,,,,,,,,,,,,,,,,,,,,,,,,,,,,,,,,,,,,,,,,,,,,,,,,,,,,,,,,,,,,,,,,,,,,,,,,,,,,,,,,,,,,,,,,,,,,,,,,,,,,,,,
Tricia Schneider III,10,48,90,67,22,,,,,,,,,,,,,,,,,,,,,,,,,,,,,,,,,,,,,,,,,,,,,,,,,,,,,,,,,,,,,,,,,,,,,,,,,,,,,,,,,,,,,,,,,,,,,,,,,,,,,,,,,,,,,,,,
Mr. Rudolph Turner,71,18,78,32,59,,,,,,,,,,,,,,,,,,,,,,,,,,,,,,,,,,,,,,,,,,,,,,,,,,,,,,,,,,,,,,,,,,,,,,,,,,,,,,,,,,,,,,,,,,,,,,,,,,,,,,,,,,,,,,,,
Alan Lebsack,34,87,29,84,96,,,,,,,,,,,,,,,,,,,,,,,,,,,,,,,,,,,,,,,,,,,,,,,,,,,,,,,,,,,,,,,,,,,,,,,,,,,,,,,,,,,,,,,,,,,,,,,,,,,,,,,,,,,,,,,,
Donnie Gerlach,52,7,34,87,39,,,,,,,,,,,,,,,,,,,,,,,,,,,,,,,,,,,,,,,,,,,,,,,,,,,,,,,,,,,,,,,,,,,,,,,,,,,,,,,,,,,,,,,,,,,,,,,,,,,,,,,,,,,,,,,,
Mr. Roy Ernser III,62,48,42,10,55,,,,,,,,,,,,,,,,,,,,,,,,,,,,,,,,,,,,,,,,,,,,,,,,,,,,,,,,,,,,,,,,,,,,,,,,,,,,,,,,,,,,,,,,,,,,,,,,,,,,,,,,,,,,,,,,
Christopher Cronin,36,28,59,40,47,,,,,,,,,,,,,,,,,,,,,,,,,,,,,,,,,,,,,,,,,,,,,,,,,,,,,,,,,,,,,,,,,,,,,,,,,,,,,,,,,,,,,,,,,,,,,,,,,,,,,,,,,,,,,,,,
Silvia Dietrich,13,45,74,11,16,,,,,,,,,,,,,,,,,,,,,,,,,,,,,,,,,,,,,,,,,,,,,,,,,,,,,,,,,,,,,,,,,,,,,,,,,,,,,,,,,,,,,,,,,,,,,,,,,,,,,,,,,,,,,,,,
Gail Blick,9,79,13,73,83,,,,,,,,,,,,,,,,,,,,,,,,,,,,,,,,,,,,,,,,,,,,,,,,,,,,,,,,,,,,,,,,,,,,,,,,,,,,,,,,,,,,,,,,,,,,,,,,,,,,,,,,,,,,,,,,
Mrs. Naomi Ernser,58,61,76,38,64,,,,,,,,,,,,,,,,,,,,,,,,,,,,,,,,,,,,,,,,,,,,,,,,,,,,,,,,,,,,,,,,,,,,,,,,,,,,,,,,,,,,,,,,,,,,,,,,,,,,,,,,,,,,,,,,
Hubert Swaniawski,2,9,43,24,70,,,,,,,,,,,,,,,,,,,,,,,,,,,,,,,,,,,,,,,,,,,,,,,,,,,,,,,,,,,,,,,,,,,,,,,,,,,,,,,,,,,,,,,,,,,,,,,,,,,,,,,,,,,,,,,,
Andre McLaughlin,28,94,74,83,40,,,,,,,,,,,,,,,,,,,,,,,,,,,,,,,,,,,,,,,,,,,,,,,,,,,,,,,,,,,,,,,,,,,,,,,,,,,,,,,,,,,,,,,,,,,,,,,,,,,,,,,,,,,,,,,,
Mr. Patrick Crona,65,34,47,83,31,,,,,,,,,,,,,,,,,,,,,,,,,,,,,,,,,,,,,,,,,,,,,,,,,,,,,,,,,,,,,,,,,,,,,,,,,,,,,,,,,,,,,,,,,,,,,,,,,,,,,,,,,,,,,,,,
Bob Beier,4,40,20,26,70,,,,,,,,,,,,,,,,,,,,,,,,,,,,,,,,,,,,,,,,,,,,,,,,,,,,,,,,,,,,,,,,,,,,,,,,,,,,,,,,,,,,,,,,,,,,,,,,,,,,,,,,,,,,,,,,
Mrs. Claire Bauch,51,26,66,32,8,,,,,,,,,,,,,,,,,,,,,,,,,,,,,,,,,,,,,,,,,,,,,,,,,,,,,,,,,,,,,,,,,,,,,,,,,,,,,,,,,,,,,,,,,,,,,,,,,,,,,,,,,,,,,,,,
Meghan Jast,79,48,32,3,58,,,,,,,,,,,,,,,,,,,,,,,,,,,,,,,,,,,,,,,,,,,,,,,,,,,,,,,,,,,,,,,,,,,,,,,,,,,,,,,,,,,,,,,,,,,,,,,,,,,,,,,,,,,,,,,,
Craig Beatty,61,18,33,49,7,,,,,,,,,,,,,,,,,,,,,,,,,,,,,,,,,,,,,,,,,,,,,,,,,,,,,,,,,,,,,,,,,,,,,,,,,,,,,,,,,,,,,,,,,,,,,,,,,,,,,,,,,,,,,,,,
Phyllis Reilly Jr.,70,41,21,44,44,,,,,,,,,,,,,,,,,,,,,,,,,,,,,,,,,,,,,,,,,,,,,,,,,,,,,,,,,,,,,,,,,,,,,,,,,,,,,,,,,,,,,,,,,,,,,,,,,,,,,,,,,,,,,,,,
Carole Lubowitz,54,95,79,97,43,,,,,,,,,,,,,,,,,,,,,,,,,,,,,,,,,,,,,,,,,,,,,,,,,,,,,,,,,,,,,,,,,,,,,,,,,,,,,,,,,,,,,,,,,,,,,,,,,,,,,,,,,,,,,,,,
Andres Lemke,97,78,64,64,82,,,,,,,,,,,,,,,,,,,,,,,,,,,,,,,,,,,,,,,,,,,,,,,,,,,,,,,,,,,,,,,,,,,,,,,,,,,,,,,,,,,,,,,,,,,,,,,,,,,,,,,,,,,,,,,,
Jeremy Davis,62,10,62,60,33,,,,,,,,,,,,,,,,,,,,,,,,,,,,,,,,,,,,,,,,,,,,,,,,,,,,,,,,,,,,,,,,,,,,,,,,,,,,,,,,,,,,,,,,,,,,,,,,,,,,,,,,,,,,,,,,
Perry Kerluke,48,67,89,60,65,,,,,,,,,,,,,,,,,,,,,,,,,,,,,,,,,,,,,,,,,,,,,,,,,,,,,,,,,,,,,,,,,,,,,,,,,,,,,,,,,,,,,,,,,,,,,,,,,,,,,,,,,,,,,,,,
Drew Ferry,18,4,6,93,56,,,,,,,,,,,,,,,,,,,,,,,,,,,,,,,,,,,,,,,,,,,,,,,,,,,,,,,,,,,,,,,,,,,,,,,,,,,,,,,,,,,,,,,,,,,,,,,,,,,,,,,,,,,,,,,,
Kendra Marks,31,89,31,55,27,,,,,,,,,,,,,,,,,,,,,,,,,,,,,,,,,,,,,,,,,,,,,,,,,,,,,,,,,,,,,,,,,,,,,,,,,,,,,,,,,,,,,,,,,,,,,,,,,,,,,,,,,,,,,,,,
Yvonne Kuhlman,47,11,49,43,27,,,,,,,,,,,,,,,,,,,,,,,,,,,,,,,,,,,,,,,,,,,,,,,,,,,,,,,,,,,,,,,,,,,,,,,,,,,,,,,,,,,,,,,,,,,,,,,,,,,,,,,,,,,,,,,,
Traci Miller,38,58,34,100,54,,,,,,,,,,,,,,,,,,,,,,,,,,,,,,,,,,,,,,,,,,,,,,,,,,,,,,,,,,,,,,,,,,,,,,,,,,,,,,,,,,,,,,,,,,,,,,,,,,,,,,,,,,,,,,,,
Mr. Grady Kertzmann,70,29,79,23,78,,,,,,,,,,,,,,,,,,,,,,,,,,,,,,,,,,,,,,,,,,,,,,,,,,,,,,,,,,,,,,,,,,,,,,,,,,,,,,,,,,,,,,,,,,,,,,,,,,,,,,,,,,,,,,,,
Gerardo Kihn,53,9,24,36,31,,,,,,,,,,,,,,,,,,,,,,,,,,,,,,,,,,,,,,,,,,,,,,,,,,,,,,,,,,,,,,,,,,,,,,,,,,,,,,,,,,,,,,,,,,,,,,,,,,,,,,,,,,,,,,,,
Mr. Gregg Gusikowski,75,72,93,43,31,,,,,,,,,,,,,,,,,,,,,,,,,,,,,,,,,,,,,,,,,,,,,,,,,,,,,,,,,,,,,,,,,,,,,,,,,,,,,,,,,,,,,,,,,,,,,,,,,,,,,,,,,,,,,,,,
Charles Stiedemann,36,89,22,96,25,,,,,,,,,,,,,,,,,,,,,,,,,,,,,,,,,,,,,,,,,,,,,,,,,,,,,,,,,,,,,,,,,,,,,,,,,,,,,,,,,,,,,,,,,,,,,,,,,,,,,,,,,,,,,,,,
Hilda Treutel,55,64,47,34,47,,,,,,,,,,,,,,,,,,,,,,,,,,,,,,,,,,,,,,,,,,,,,,,,,,,,,,,,,,,,,,,,,,,,,,,,,,,,,,,,,,,,,,,,,,,,,,,,,,,,,,,,,,,,,,,,
Juanita Howell,10,52,76,30,53,,,,,,,,,,,,,,,,,,,,,,,,,,,,,,,,,,,,,,,,,,,,,,,,,,,,,,,,,,,,,,,,,,,,,,,,,,,,,,,,,,,,,,,,,,,,,,,,,,,,,,,,,,,,,,,,
Jessie Mohr,53,43,94,3,21,,,,,,,,,,,,,,,,,,,,,,,,,,,,,,,,,,,,,,,,,,,,,,,,,,,,,,,,,,,,,,,,,,,,,,,,,,,,,,,,,,,,,,,,,,,,,,,,,,,,,,,,,,,,,,,,
Jeremy Metz,9,69,33,6,82,,,,,,,,,,student_name,Mr. Gregory Homenick,Marlene Leffler IV,Josephine Ebert,Dr. Irene Green,Jake Huel,Ralph Schuster,Lila Schmidt,Ms. Naomi Rau,Maryann Marquardt,Edna Von,Dr. Deborah Harvey,Mrs. Angie Schowalter,Shirley Zulauf,Miss Madeline Parisian,Armando Pollich PhD,Marvin Lehner MD,Ira Oberbrunner,Eula Ankunding-Feeney,Conrad Greenholt II,Julie Dicki,Mr. Javier Reinger,Edith Gorczany,Amanda Upton,Jonathon Ruecker,Leon Purdy,Monique Zboncak,Crystal Legros,Alicia Farrell,Mr. Dennis Ledner,Tracy D'Amore,Lindsay Goodwin,Adam Shields,Delbert Torp,Tammy Runolfsdottir,Lonnie Schimmel,Rolando Crona,Rachael Lowe,Erica Connelly,John Schultz,Lowell Bartell,Marc Hermiston,Raquel Kuhlman,Rudy Auer,Cora Gutmann,Reginald McCullough,Doyle Thompson,Katrina Ebert-Romaguera Jr.,Harry Predovic,Mr. Neil Wunsch,Tricia Schneider III,Mr. Rudolph Turner,Alan Lebsack,Donnie Gerlach,Mr. Roy Ernser III,Christopher Cronin,Silvia Dietrich,Gail Blick,Mrs. Naomi Ernser,Hubert Swaniawski,Andre McLaughlin,Mr. Patrick Crona,Bob Beier,Mrs. Claire Bauch,Meghan Jast,Craig Beatty,Phyllis Reilly Jr.,Carole Lubowitz,Andres Lemke,Jeremy Davis,Perry Kerluke,Drew Ferry,Kendra Marks,Yvonne Kuhlman,Traci Miller,Mr. Grady Kertzmann,Gerardo Kihn,Mr. Gregg Gusikowski,Charles Stiedemann,Hilda Treutel,Juanita Howell,Jessie Mohr,Jeremy Metz,Gilberto Gibson,Eileen Ondricka,Mr. Albert Hoeger,Mr. Marcus Heathcote Sr.,Matthew MacGyver,Marcella Funk,Tommy Mante,Cristina Conn,Amber Windler,Leticia Senger III,Mr. Patrick Mueller,Cedric Bergstrom Jr.,Elizabeth Ward,Renee Schinner,Marguerite Ebert,Jorge Bednar,Mrs. Roxanne Jacobi,Dean Schowalter,,
Gilberto Gibson,29,68,87,20,31,,,,,,,,,,maths_marks,69,62,29,44,49,69,91,65,28,11,59,88,2,30,91,63,38,12,5,22,7,60,16,99,10,88,66,41,8,67,24,83,18,9,64,7,7,55,97,94,99,41,72,32,13,100,14,78,78,10,71,34,52,62,36,13,9,58,2,28,65,4,51,79,61,70,54,97,62,48,18,31,47,38,70,53,75,36,55,10,53,9,29,2,43,28,94,85,80,67,88,81,81,49,73,69,32,77,54,28,,
Eileen Ondricka,2,4,55,74,39,,,,,,,,,,science_marks,24,59,76,66,23,28,10,70,31,51,23,23,60,86,64,20,62,99,20,69,54,48,77,30,45,48,53,46,60,56,76,88,87,59,62,72,98,69,11,67,94,88,71,94,88,40,38,95,83,48,18,87,7,48,28,45,79,61,9,94,34,40,26,48,18,41,95,78,10,67,4,89,11,58,29,9,72,89,64,52,43,69,68,4,73,41,59,98,67,42,50,90,81,74,91,99,62,56,66,49,,
Mr. Albert Hoeger,43,73,82,27,31,,,,,,,,,,english_marks,52,70,13,14,63,55,19,83,27,86,43,84,94,92,38,17,97,50,22,79,70,94,42,1,36,22,42,89,65,28,41,70,60,43,71,7,41,2,52,63,38,25,4,68,17,10,46,92,91,90,78,29,34,42,59,74,13,76,43,74,47,20,66,32,33,21,79,64,62,89,6,31,49,34,79,24,93,22,47,76,94,33,87,55,82,37,91,65,81,32,49,66,5,36,72,73,82,46,70,78,,
Mr. Marcus Heathcote Sr.,28,41,37,34,54,,,,,,,,,,social_studies_marks,4,54,8,2,86,37,55,3,75,77,47,52,53,89,70,79,92,14,21,79,10,71,47,21,93,63,38,32,5,82,48,6,95,73,48,51,27,63,94,87,12,57,74,71,6,90,71,7,77,67,32,84,87,10,40,11,73,38,24,83,83,26,32,3,49,44,97,64,60,60,93,55,43,100,23,36,43,96,34,30,3,6,20,74,27,34,74,86,32,63,77,15,45,57,33,62,99,79,49,80,,
Matthew MacGyver,94,59,91,74,78,,,,,,,,,,language_marks,83,52,19,14,68,77,38,25,37,11,73,28,78,70,35,39,34,48,54,67,52,98,75,63,59,91,5,80,30,23,39,58,52,65,41,21,25,79,24,87,3,38,31,61,59,12,3,68,34,22,59,96,39,55,47,16,83,64,70,40,31,70,8,58,7,44,43,82,33,65,56,27,27,54,78,31,31,25,47,53,21,82,31,39,31,54,78,16,25,65,24,21,36,66,44,32,42,25,20,79,,
Marcella Funk,85,98,65,86,16,,,,,,,,,,,,,,,,,,,,,,,,,,,,,,,,,,,,,,,,,,,,,,,,,,,,,,,,,,,,,,,,,,,,,,,,,,,,,,,,,,,,,,,,,,,,,,,,,,,,,,,,,,,,,,,,
Tommy Mante,80,67,81,32,25,,,,,,,,,,,,,,,,,,,,,,,,,,,,,,,,,,,,,,,,,,,,,,,,,,,,,,,,,,,,,,,,,,,,,,,,,,,,,,,,,,,,,,,,,,,,,,,,,,,,,,,,,,,,,,,,
Cristina Conn,67,42,32,63,65,,,,,,,,,,,,,,,,,,,,,,,,,,,,,,,,,,,,,,,,,,,,,,,,,,,,,,,,,,,,,,,,,,,,,,,,,,,,,,,,,,,,,,,,,,,,,,,,,,,,,,,,,,,,,,,,
Amber Windler,88,50,49,77,24,,,,,,,,,,,,,,,,,,,,,,,,,,,,,,,,,,,,,,,,,,,,,,,,,,,,,,,,,,,,,,,,,,,,,,,,,,,,,,,,,,,,,,,,,,,,,,,,,,,,,,,,,,,,,,,,
Leticia Senger III,81,90,66,15,21,,,,,,,,,,,,,,,,,,,,,,,,,,,,,,,,,,,,,,,,,,,,,,,,,,,,,,,,,,,,,,,,,,,,,,,,,,,,,,,,,,,,,,,,,,,,,,,,,,,,,,,,,,,,,,,,
Mr. Patrick Mueller,81,81,5,45,36,,,,,,,,,,,,,,,,,,,,,,,,,,,,,,,,,,,,,,,,,,,,,,,,,,,,,,,,,,,,,,,,,,,,,,,,,,,,,,,,,,,,,,,,,,,,,,,,,,,,,,,,,,,,,,,,
Cedric Bergstrom Jr.,49,74,36,57,66,,,,,,,,,,,,,,,,,,,,,,,,,,,,,,,,,,,,,,,,,,,,,,,,,,,,,,,,,,,,,,,,,,,,,,,,,,,,,,,,,,,,,,,,,,,,,,,,,,,,,,,,,,,,,,,,
Elizabeth Ward,73,91,72,33,44,,,,,,,,,,,,,,,,,,,,,,,,,,,,,,,,,,,,,,,,,,,,,,,,,,,,,,,,,,,,,,,,,,,,,,,,,,,,,,,,,,,,,,,,,,,,,,,,,,,,,,,,,,,,,,,,
Renee Schinner,69,99,73,62,32,,,,,,,,,,,,,,,,,,,,,,,,,,,,,,,,,,,,,,,,,,,,,,,,,,,,,,,,,,,,,,,,,,,,,,,,,,,,,,,,,,,,,,,,,,,,,,,,,,,,,,,,,,,,,,,,
Marguerite Ebert,32,62,82,99,42,,,,,,,,,,,,,,,,,,,,,,,,,,,,,,,,,,,,,,,,,,,,,,,,,,,,,,,,,,,,,,,,,,,,,,,,,,,,,,,,,,,,,,,,,,,,,,,,,,,,,,,,,,,,,,,,
Jorge Bednar,77,56,46,79,25,,,,,,,,,,,,,,,,,,,,,,,,,,,,,,,,,,,,,,,,,,,,,,,,,,,,,,,,,,,,,,,,,,,,,,,,,,,,,,,,,,,,,,,,,,,,,,,,,,,,,,,,,,,,,,,,
Mrs. Roxanne Jacobi,54,66,70,49,20,,,,,,,,,,,,,,,,,,,,,,,,,,,,,,,,,,,,,,,,,,,,,,,,,,,,,,,,,,,,,,,,,,,,,,,,,,,,,,,,,,,,,,,,,,,,,,,,,,,,,,,,,,,,,,,,
Dean Schowalter,28,49,78,80,79,,,,,,,,,,,,,,,,,,,,,,,,,,,,,,,,,,,,,,,,,,,,,,,,,,,,,,,,,,,,,,,,,,,,,,,,,,,,,,,,,,,,,,,,,,,,,,,,,,,,,,,,,,,,,,,,
